{
    "items": [
              {
              "title" : "头部",
              "center" : [ 234, 11 ],
              "id" : 1
              },
              {
              "title" : "颈部",
              "center" : [ 239, 74 ],
              "id" : 2
              },
              {
              "title" : "胸部",
              "center" : [ 162, 110 ],
              "id" : 3
              },
              {
              "title" : "腹部",
              "center" : [ 162, 162 ],
              "id" : 4
              },
              {
              "title" : "四肢",
              "center" : [ 58, 212 ],
              "id" : 5
              },
              {
              "title" : "皮肤",
              "center" : [ 262, 350 ],
              "id" : 6
              },
              {
              "title" : "生殖器",
              "center" : [ 162, 206 ],
              "id" : 7
              },
              {
              "title" :"排泄部",
              "center" : [ 162, 250 ],
              "id" : 8
              },
              {
              "title" : "背部",
              "center" : [ 256, 137 ],
              "id" : 9
              },
              {
              "title" : "耳眼口鼻",
              "center" : [ 92, 36 ],
              "id" : 10
              },
              {
              "title" : "上肢",
              "center" : [ 75, 139 ],
              "id" : 11
            },
              {
            "title" : "下肢",
              "center" : [ 262, 289 ],
              "id" : 12
              },
              {
              "title" : "其他",
              "center" : [ 58, 350 ],
              "id" : 13
              }
              ]
}